{
  "node_pairs": [
    {
      "pair_name": "intel_102-21",
      "src_ip": "10.255.0.102",
      "dst_ip": "10.255.0.21",
      "direction": "10.255.0.102->10.255.0.21"
    },
    {
      "pair_name": "intel_21-102",
      "src_ip": "10.255.0.21",
      "dst_ip": "10.255.0.102",
      "direction": "10.255.0.21->10.255.0.102"
    }
  ],
  "total_sessions": 92,
  "matched_sessions": 12,
  "outgoing_only": 79,
  "incoming_only": 1,
  "overall_analysis": {
    "total_valid_sessions": 92,
    "sessions_with_latency": 92,
    "latency_distribution": {
      "10-100ms": 18,
      "100-500ms": 7,
      "0-10ms": 67
    },
    "latency_distribution_above_10ms": {
      "10-100ms": 18,
      "100-500ms": 7
    },
    "stage_distribution": {
      "INCOMING_Path1_5->6": 12,
      "Path2_12->13": 13
    },
    "latency_statistics": {
      "count": 92,
      "mean": 19524.19654347826,
      "median": 128.52,
      "min": 41.409,
      "max": 121842.24,
      "std": 36954.56545840588,
      "p95": 111902.532,
      "p99": 121842.24
    },
    "range_percentages": {
      "10-100ms": 19.565217391304348,
      "100-500ms": 7.608695652173914,
      "0-10ms": 72.82608695652173
    },
    "stage_percentages": {
      "INCOMING_Path1_5->6": 48.0,
      "Path2_12->13": 52.0
    },
    "range_percentages_above_10ms": {
      "10-100ms": 72.0,
      "100-500ms": 28.000000000000004
    }
  },
  "dropped_sessions_analysis": {
    "total_dropped_sessions": 0,
    "stage_distribution": {},
    "drop_reason_distribution": {}
  },
  "pair_analysis": {
    "intel_21-102": {
      "total_sessions": 46,
      "latency_distribution": {
        "10-100ms": 10,
        "100-500ms": 2,
        "0-10ms": 34
      },
      "latency_distribution_above_10ms": {
        "10-100ms": 10,
        "100-500ms": 2
      },
      "stage_distribution": {
        "INCOMING_Path1_5->6": 12
      },
      "latency_statistics": {
        "count": 46,
        "mean": 17491.25193478261,
        "median": 83.2125,
        "min": 53.419,
        "max": 121807.619,
        "std": 34177.182128930406,
        "p95": 95195.487,
        "p99": 121807.619
      }
    },
    "intel_102-21": {
      "total_sessions": 46,
      "latency_distribution": {
        "0-10ms": 33,
        "100-500ms": 5,
        "10-100ms": 8
      },
      "latency_distribution_above_10ms": {
        "100-500ms": 5,
        "10-100ms": 8
      },
      "stage_distribution": {
        "Path2_12->13": 13
      },
      "latency_statistics": {
        "count": 46,
        "mean": 21557.141152173914,
        "median": 182.40949999999998,
        "min": 41.409,
        "max": 121842.24,
        "std": 39813.291515300705,
        "p95": 120544.132,
        "p99": 121842.24
      }
    }
  }
}